{
	"States": ["q0", "q1", "q2", "q3", "q4"],
	"InputAlphabet": ["a", "b", "c"],
	"Tapes": 3,
	"TapeAlphabet": ["B", "a", "b", "c"],
	"Transitions": [
		{"from": "q0", "read": ["a", "B", "B"], "to": "q0", "write": ["a", "a", "B"], "direction": ["right", "right", "stay"]},
		{"from": "q1", "read": ["b", "B", "B"], "to": "q1", "write": ["b", "B", "b"], "direction": ["right", "stay", "right"]},
		{"from": "q4", "read": ["B", "B", "B"], "to": "q3", "write": ["B", "B", "B"], "direction": ["stay", "stay", "stay"]},
		{"from": "q0", "read": ["b", "B", "B"], "to": "q1", "write": ["b", "B", "b"], "direction": ["right", "stay", "right"]},
		{"from": "q0", "read": ["B", "B", "B"], "to": "q4", "write": ["B", "B", "B"], "direction": ["stay", "left", "stay"]},
		{"from": "q2", "read": ["c", "a", "b"], "to": "q2", "write": ["c", "a", "b"], "direction": ["right", "left", "left"]},
		{"from": "q1", "read": ["c", "B", "B"], "to": "q2", "write": ["c", "B", "B"], "direction": ["stay", "left", "left"]},
		{"from": "q2", "read": ["B", "B", "B"], "to": "q3", "write": ["B", "B", "B"], "direction": ["stay", "stay", "right"]}
	],
	"StartState": "q0",
	"Blank": "B",
	"FinalStates": ["q3"]
}