{
	"States": ["q0", "q1", "q2", "stop"],
	"InputAlphabet": ["0", "1"],
	"TapeAlphabet": ["0", "1", "B"],
	"Transitions": [
		{"from": "q0", "read": "1", "to": "q0", "write": "1", "direction": "left"},
		{"from": "q2", "read": "1", "to": "q2", "write": "1", "direction": "left"},
		{"from": "q1", "read": "B", "to": "q2", "write": "1", "direction": "left"},
		{"from": "q0", "read": "0", "to": "q0", "write": "0", "direction": "left"},
		{"from": "q2", "read": "0", "to": "q2", "write": "0", "direction": "left"},
		{"from": "q2", "read": "B", "to": "stop", "write": "B", "direction": "right"},
		{"from": "q1", "read": "0", "to": "q2", "write": "1", "direction": "right"},
		{"from": "q0", "read": "B", "to": "q1", "write": "B", "direction": "right"},
		{"from": "q1", "read": "1", "to": "q1", "write": "0", "direction": "right"}
	],
	"StartState": "q0",
	"Blank": "B",
	"FinalStates": ["stop"]
}