{
	"States": ["accept", "q0", "q1", "q2", "q3", "q4", "q5", "q6", "q7", "stop"],
	"InputAlphabet": ["0", "1"],
	"TapeAlphabet": ["0", "1", "B"],
	"Transitions": [
		{"from": "q4", "read": "1", "to": "q4", "write": "1", "direction": "left"},
		{"from": "q1", "read": "B", "to": "q7", "write": "1", "direction": "stay"},
		{"from": "q6", "read": "B", "to": "q7", "write": "0", "direction": "stay"},
		{"from": "q4", "read": "0", "to": "q4", "write": "0", "direction": "left"},
		{"from": "q4", "read": "B", "to": "q5", "write": "B", "direction": "right"},
		{"from": "q1", "read": "1", "to": "q4", "write": "B", "direction": "left"},
		{"from": "q7", "read": "1", "to": "accept", "write": "1", "direction": "stay"},
		{"from": "q0", "read": "1", "to": "q0", "write": "1", "direction": "right"},
		{"from": "q6", "read": "0", "to": "q6", "write": "B", "direction": "right"},
		{"from": "q0", "read": "0", "to": "q0", "write": "0", "direction": "right"},
		{"from": "q2", "read": "B", "to": "q3", "write": "B", "direction": "right"},
		{"from": "q1", "read": "0", "to": "q2", "write": "B", "direction": "left"},
		{"from": "q3", "read": "0", "to": "q0", "write": "B", "direction": "right"},
		{"from": "q5", "read": "B", "to": "q0", "write": "B", "direction": "stay"},
		{"from": "q3", "read": "1", "to": "q6", "write": "1", "direction": "stay"},
		{"from": "q5", "read": "0", "to": "q6", "write": "0", "direction": "stay"},
		{"from": "q2", "read": "1", "to": "q2", "write": "1", "direction": "left"},
		{"from": "q2", "read": "0", "to": "q2", "write": "0", "direction": "left"},
		{"from": "q0", "read": "B", "to": "q1", "write": "B", "direction": "left"},
		{"from": "q6", "read": "1", "to": "q6", "write": "B", "direction": "right"},
		{"from": "q5", "read": "1", "to": "q0", "write": "B", "direction": "right"},
		{"from": "q7", "read": "0", "to": "stop", "write": "0", "direction": "stay"},
		{"from": "q3", "read": "B", "to": "q0", "write": "B", "direction": "stay"}
	],
	"StartState": "q0",
	"Blank": "B",
	"FinalStates": ["accept"]
}