{
	"States": ["q0", "q1", "q2", "q3", "q4"],
	"InputAlphabet": ["#", "0", "1"],
	"Tapes": 2,
	"TapeAlphabet": ["#", "0", "1", "B"],
	"Transitions": [
		{"from": "q1", "read": ["1", "B"], "to": "q1", "write": ["B", "1"], "direction": ["right", "right"]},
		{"from": "q1", "read": ["0", "B"], "to": "q1", "write": ["B", "0"], "direction": ["right", "right"]},
		{"from": "q0", "read": ["1", "B"], "to": "q1", "write": ["B", "1"], "direction": ["right", "right"]},
		{"from": "q0", "read": ["0", "B"], "to": "q1", "write": ["B", "0"], "direction": ["right", "right"]},
		{"from": "q2", "read": ["#", "1"], "to": "q2", "write": ["#", "1"], "direction": ["stay", "left"]},
		{"from": "q2", "read": ["#", "B"], "to": "q3", "write": ["B", "B"], "direction": ["right", "right"]},
		{"from": "q3", "read": ["1", "1"], "to": "q3", "write": ["B", "B"], "direction": ["right", "right"]},
		{"from": "q1", "read": ["#", "B"], "to": "q2", "write": ["#", "B"], "direction": ["stay", "left"]},
		{"from": "q2", "read": ["#", "0"], "to": "q2", "write": ["#", "0"], "direction": ["stay", "left"]},
		{"from": "q3", "read": ["0", "0"], "to": "q3", "write": ["B", "B"], "direction": ["right", "right"]},
		{"from": "q3", "read": ["B", "B"], "to": "q4", "write": ["B", "B"], "direction": ["stay", "stay"]}
	],
	"StartState": "q0",
	"Blank": "B",
	"FinalStates": ["q4"]
}